Jammu & Kashmir,Chandigarh,Jharkhand,Odisha,Chhattisgarh,Kerala,Karnataka,Assam,Gujarat,Bihar,A & N Islands,Uttarakhand,Manipur,Madhya Pradesh,Meghalaya,Himachal Pradesh,Tripura,Dadra & Nagar Haveli,Puducherry,Delhi,Punjab,Nagaland,Sikkim,Andhra Pradesh,West Bengal,Haryana,Tamil Nadu,Daman & Diu,Maharashtra,Rajasthan,Arunachal Pradesh,Uttar Pradesh,Telangana,Goa,Lakshadweep,Mizoram
,,,,,,,,,,,,,21.4088895720833,,,,,,,,,,,,,,,,,,,,,,
,,,,,,,,,,,,,,,,,,,,,,,,,,,,,,,23.4930072916667,,,,
,,,,,,,,,,,,,,,,,,,,,,,,,,,,,,,18.2318361875000,,,,
,,,,,,,,,,,,,,,,,,,,,,,,,,,,25.9053909479167,,,,,,,
,,,,,,,,,,,,,,,,,,,,,,,,,,,,,,,,,,,28.4725849812500
,,,,,,,,,,,,,,,,,,,,,,,,,,,,,27.0731882375000,,,,,,
,,,,,23.7571252812500,,,,,,,,,,,,,,,,,,,,,,,,,,,,,,
,,,,,17.0847515791667,,,,,,,,,,,,,,,,,,,,,,,,,,,,,,
,,,,,,,,,,,,,,,,,,,,,,,,,,,,,,,27.9361859791667,,,,
,,,,,,,,,,,,,,,,,,,,,,,,,,,,,,,21.2210924875000,,,,
,,,,,,,,,,,,,,,,,,,,,,,,,,,,,,,15.6319449125000,,,,
,,,,,,,,,,,,,,,,,,,,,,,,23.8815960458333,,,,,,,,,,,
,,,,,,,,,,,,,20.2328110914583,,,,,,,,,,,,,,,,,,,,,,
,,,,,,,,,,,,,,,,,,,,,,,,,,,,,,,24.2811580000000,,,,
,,,,,,,,,,,,,,,,,,,,,,,,,,,,,,,23.4790658333333,,,,
,,,,,,,,,,,,,,,,,,,,,,,,,,,,,,,16.9703566041667,,,,
,,,,,,,,,,,18.0385879791667,,,,,,,,,,,,,,,,,,,,,,,,
,,,,,,,,,,,12.2295027187500,,,,,,,,,,,,,,,,,,,,,,,,
,,,,,,,,,,,,,,,,,,,,,,,,,,,,,26.6294783125000,,,,,,
,,,,,,,,,,,,,,,,,,,,,,,,,25.0961536750000,,,,,,,,,,
,,,,,,,,,,,,,,,,,,,,,,,,,,,,,,,25.5322442708333,,,,
,,,,,,,,,,,,,,,,,,,,,,,,,,,,30.7953372291667,,,,,,,
,,,,,,,,24.8315152500000,,,,,,,,,,,,,,,,,,,,,,,,,,,
,,,,,,,,,,,,,,,,,,,,24.4507516687500,,,,,,,,,,,,,,,
,,,,,,,,22.8189787950000,,,,,,,,,,,,,,,,,,,,,,,,,,,
,,,,,,,,,,,,,,,,,,,,,,,27.0009944583333,,,,,,,,,,,,
,,,,,,,,,,,,,21.9058523125000,,,,,,,,,,,,,,,,,,,,,,
,,,,,,,,,21.9858995475000,,,,,,,,,,,,,,,,,,,,,,,,,,
,,,,,,,,,,,,,,,,,,,,,,,,,,26.7884489268750,,,,,,,,,
,,,,,,,,,24.2147176312500,,,,,,,,,,,,,,,,,,,,,,,,,,
,,,,,,,,,,,,,21.7916532562500,,,,,,,,,,,,,,,,,,,,,,
,,,,,,,,,,,,,,,,,,,,,,,,,,,,,,,21.5786695833333,,,,
,,,,,,,,,,,,,,,,,,,,,,,,,,,,,,,19.9311658968750,,,,
,,,,,,,,,20.7127003437500,,,,,,,,,,,,,,,,,,,,,,,,,,
,,,,,,,,,,,,,,,,,,,,,,,,,,,,,,,23.1055208333333,,,,
,,,,,,,,,,,,,,,,,,,,,,,,,,,,,,,16.6821167500000,,,,
,,,,,,24.8884049791667,,,,,,,,,,,,,,,,,,,,,,,,,,,,,
,,,,,,,,,,,22.6995102708333,,,,,,,,,,,,,,,,,,,,,,,,
,,,,,,,,,,,,,,,,,,,,,,,,,,,,,,,23.0143670458333,,,,
,,,,,,,,,,,,,,,,,,,,,,,,,,,,,,,24.8686335416667,,,,
,,,,,,,,,,,,,,,,,,,,,,,,,,,,,,,18.9223346250000,,,,
,,,,,,,17.1671759520833,,,,,,,,,,,,,,,,,,,,,,,,,,,,
,,,,,,,,,,,,,23.8212910625000,,,,,,,,,,,,,,,,,,,,,,
,,,25.6518694791667,,,,,,,,,,,,,,,,,,,,,,,,,,,,,,,,
,,,,,,,,,,,,,,,,,,,,,,,,,,,,,,,22.7430366666667,,,,
,,,,,,,,,,,,,,,,,,,,,,,,,,,,,,,16.5148305570833,,,,
,,,,20.0969718395833,,,,,,,,,,,,,,,,,,,,,,,,,,,,,,,
,,,,21.8879624345833,,,,,,,,,,,,,,,,,,,,,,,,,,,,,,,
,,,,,,,,,,,,,,,,,,,,,,,,,,,,,,,16.0749002916667,,,,
,,,,,,,,,,,,,,,,,,,,,,,,,,,,,,,19.3618333333333,,,,
,,,,,,,,,,,,,,,,,,,,,,,,,,,,,,,11.7221823270833,,,,
,,,,,,,,24.6447929791667,,,,,,,,,,,,,,,,,,,,,,,,,,,
,,,,,,,,,,,,,,,,,,,,,,,,,,,,,,,28.6986730208333,,,,
,,,,,,,,,,,,,,,,,,,,,,,,,,,,,,,17.7662804258333,,,,
,,,,,,26.5855134645833,,,,,,,,,,,,,,,,,,,,,,,,,,,,,
,,,,,,26.1642987166667,,,,,,,,,,,,,,,,,,,,,,,,,,,,,
,,,,,,25.9494897729167,,,,,,,,,,,,,,,,,,,,,,,,,,,,,
,,,,,,25.2210117291667,,,,,,,,,,,,,,,,,,,,,,,,,,,,,
,,,,,,24.9985262500000,,,,,,,,,,,,,,,,,,,,,,,,,,,,,
,,,,,,17.7472203041667,,,,,,,,,,,,,,,,,,,,,,,,,,,,,
,,,,,,14.8859685625000,,,,,,,,,,,,,,,,,,,,,,,,,,,,,
,,,,,,,,,18.8450561041667,,,,,,,,,,,,,,,,,,,,,,,,,,
,,,,,,,,,,,,,,,,,,,,,,,,,,,,,24.8731899660417,,,,,,
,,,,,,,,,,,,,,,,,,,,,,,,,,,,,,,22.6262422916667,,,,
,,,,,,,,,,,,,,,,,,,,,,,,,,,,,,,16.0332281875000,,,,
,,,,,,,,,,,,,,,,,,,,,,,,,,,,,23.8916758125000,,,,,,
,,,,,,,,,,,,,,,,,,,,,,,,,,,,,,,23.1817018750000,,,,
,,,,,,,,,,,,,,,,,,,,,,,,,,,,,,,15.6187800500000,,,,
,,,,,,,,,,,,,,,,,,,,,,,,,,,,,24.9469156458333,,,,,,
,,,,,,,,,,,,,,,,,,,,24.7753999875000,,,,,,,,,,,,,,,
,,,,,,,21.3399189583333,,,,,,,,,,,,,,,,,,,,,,,,,,,,
,,,,,,,,,,,,,21.5066747291667,,,,,,,,,,,,,,,,,,,,,,
,,,,,,,,,,,,,,,,,,,,,,,,,,,,,,,29.1176924062500,,,,
,,,,,,,,,,,,,,,,,,,,,,,,,,,,,,,19.2427304166667,,,,
,,,,,,,,,,,,,,,,,,,,,,,,,,,,,,,15.6484470000000,,,,
,,,,,,,,,,,,,,,,,,,,25.8500742166667,,,,,,,,,,,,,,,
,,,,,,,,,23.5205139541667,,,,,,,,,,,,,,,,,,,,,,,,,,
,,,,,,28.2893747083333,,,,,,,,,,,,,,,,,,,,,,,,,,,,,
,,,,,,34.8940342291667,,,,,,,,,,,,,,,,,,,,,,,,,,,,,
,,,,,,23.0112008333333,,,,,,,,,,,,,,,,,,,,,,,,,,,,,
,,,,21.0973393729167,,,,,,,,,,,,,,,,,,,,,,,,,,,,,,,
,,,,,,,,,,,,,24.7338043062500,,,,,,,,,,,,,,,,,,,,,,
,,,,,,,,,21.4909505625000,,,,,,,,,,,,,,,,,,,,,,,,,,
,,,,,,,,,,,,,,,,,,,,,,,,,,,,25.9128096547917,,,,,,,
,,,,,,,,,,,,,,,,,,,,,,,,,,,,,25.0252869375000,,,,,,
,,,,,,,,29.6270907395833,,,,,,,,,,,,,,,,,,,,,,,,,,,
,,,,,,,,,,,,,,,,,,,,,,,,,,,,,27.6868597437500,,,,,,
,,,,,,,,,,,,,30.0677456904167,,,,,,,,,,,,,,,,,,,,,,
,,,,,,,,,,,,,,,,,,,,,,,,,25.9694192658333,,,,,,,,,,
,,,,,,,,,22.7739191875000,,,,,,,,,,,,,,,,,,,,,,,,,,
,,,,,,,,,,,,,23.1280300208333,,,,,,,,,,,,,,,,,,,,,,
,,,,,,,,,,,,,,,,,,,,,,,,,,,,31.1430603312500,,,,,,,
,,,,,,26.2223465916667,,,,,,,,,,,,,,,,,,,,,,,,,,,,,
,,,,,,23.5167686416667,,,,,,,,,,,,,,,,,,,,,,,,,,,,,
,,,,,,,,,,,,,,,,,,,,,,,,,,,,,,,21.0463714375000,,,,
,,,,,,,,,,,,,,,,,,,,,,,,,,,,,,,13.0371692291667,,,,
,,,,,,,,,,,,,,,23.9181371458333,,,,,,,,,,,,,,,,,,,,
,,,,23.0223066479167,,,,,,,,,,,,,,,,,,,,,,,,,,,,,,,
,,,,,,,,,,,,,,,,,,,,,,,,31.9575511250000,,,,,,,,,,,
,,,,,,,,,,,,19.3300287500000,,,,,,,,,,,,,,,,,,,,,,,
,,15.4742414166667,,,,,,,,,,,,,,,,,,,,,,,,,,,,,,,,,
,,,,,,,22.3382538541667,,,,,,,,,,,,,,,,,,,,,,,,,,,,
,,,,,,,,19.5309048308333,,,,,,,,,,,,,,,,,,,,,,,,,,,
,,,,,,,,,,,,,,,,,,,,,,,,,,,,,,,23.1129164583333,,,,
,,,,,,,,,,,,,,,,,,,,,,,,,,,,,,,17.0931968541667,,,,
,,,,,,,,,,,,,,,,,,,,,,,,,,,,,,,29.3957037916667,,,,
,,,,,,,,,,,,,,,,,,,,,,,,,,,,,,,17.5057859583333,,,,
,,,,,,,,,,,,,,,,,,,,,,,,,,,,,,,17.4265811579167,,,,
,,,,,,,,,,,,,,,,,,,,,,,,,,,,,,,17.0860466666667,,,,
,,,,,,,,,,,,,,,,,,,,,,,,,,,,24.2435413333333,,,,,,,
,,,,,,,,,,,,,,,,,,,,,,,,,,,,,24.2839635208333,,,,,,
,,,,,,,,,,,,,21.9506879166667,,,,,,,,,,,,,,,,,,,,,,
,,,,,,,,,17.2941596375000,,,,,,,,,,,,,,,,,,,,,,,,,,
,,,,,,,17.5039178125000,,,,,,,,,,,,,,,,,,,,,,,,,,,,
,,,,,,,,,,,,,,,,,,,25.0190392500000,,,,,,,,,,,,,,,,
,,,,,,,,,,,,,,,,,,,24.4976564166667,,,,,,,,,,,,,,,,
,,,,,,,,,,,,,,,,,,,19.4052826041667,,,,,,,,,,,,,,,,
,,,,,,,,,,,,,,,24.0426629827083,,,,,,,,,,,,,,,,,,,,
,,,,,,,,,,,18.4921689583333,,,,,,,,,,,,,,,,,,,,,,,,
,,,,,,,,,,,17.0811787500000,,,,,,,,,,,,,,,,,,,,,,,,
,,,,,,23.1767013541667,,,,,,,,,,,,,,,,,,,,,,,,,,,,,
,,,,,,,,,,,,,,,,,,,,,,,,,,,,,,,23.5416037500000,,,,
,,,,,,,,,,,,,,,,,,,,,,,,,,,,,,,20.8474234791667,,,,
,,,,,,,,,,,,,,,,,,,,,,,,,,,,,,,20.0890535645833,,,,
,,,,,,,,,,,,17.5070225000000,,,,,,,,,,,,,,,,,,,,,,,
,25.9656545708333,,,,,,,,,,,,,,,,,,,,,,,,,,,,,,,,,,
,,15.8910245662500,,,,,,,,,,,,,,,,,,,,,,,,,,,,,,,,,
,,,,,,,,,,,,,,,,,,,,,,,,,,38.3070731250000,,,,,,,,,
,,,,,,,,,,,,,23.2725442291667,,,,,,,,,,,,,,,,,,,,,,
,,,,,,,,,,,,,26.0211233333333,,,,,,,,,,,,,,,,,,,,,,
,,,,,,,,20.2868695541667,,,,,,,,,,,,,,,,,,,,,,,,,,,
,,,,,,21.2119629166667,,,,,,,,,,,,,,,,,,,,,,,,,,,,,
,,,,,,28.9314217083333,,,,,,,,,,,,,,,,,,,,,,,,,,,,,
,,,,,,,18.0708241250000,,,,,,,,,,,,,,,,,,,,,,,,,,,,
,,,,,,26.1029319791667,,,,,,,,,,,,,,,,,,,,,,,,,,,,,
,,,,,,,,,,,,,,,,,,,,,,,,,,,,,,,20.5305844581250,,,,
,,,,,,,,,,,,,,,,,,,,,,,,,,,,,25.0302720104167,,,,,,
,,,,,,,,,,,,,,,,,,,,,,,35.6741886270833,,,,,,,,,,,,
,,,,,,,,,,,,,,,,,,,,,,,25.9898970208333,,,,,,,,,,,,
,,,,,,,,,,,,23.1768431875000,,,,,,,,,,,,,,,,,,,,,,,
,,,,,,,,,,,,,,,,,,,,,,,,,,,,,27.7856623395833,,,,,,
,,,,,,,,,,,,,,,,,,,,,,,,,,26.6110918750000,,,,,,,,,
,,,,,,,,,,,,,,,,,,,,,,,,,,26.7802982056250,,,,,,,,,
,,,,,,,,,,,,,,,,,,,,,,,25.7246862847917,,,,,,,,,,,,
,,,,,,,,,,,,,,,,,29.1868808104167,,,,,,,,,,,,,,,,,,
,,,,,,,,27.3561933541667,,,,,,,,,,,,,,,,,,,,,,,,,,,
,,,,,,,,,,,,,,,,,,,,,,,,25.8636732083333,,,,,,,,,,,
,,,,,,28.0761114562500,,,,,,,,,,,,,,,,,,,,,,,,,,,,,
,,,,,,20.1085219583333,,,,,,,,,,,,,,,,,,,,,,,,,,,,,
,,,,,,,,,,,,,,,,,,,,,,,,,,,24.5308336250000,,,,,,,,
,,,,,,,,,,,,,22.3120208750000,,,,,,,,,,,,,,,,,,,,,,
,,,,22.2477006458333,,,,,,,,,,,,,,,,,,,,,,,,,,,,,,,
,,,,,,,,,,,,,,,,,,,,,,,,25.2639344916667,,,,,,,,,,,
,,,,,,,,,,,,,,,,,,,,,,,,25.0889289833333,,,,,,,,,,,
,,,,,,,20.2405844416667,,,,,,,,,,,,,,,,,,,,,,,,,,,,
,,,,,,,,,,,,,22.1151258333333,,,,,,,,,,,,,,,,,,,,,,
,,,,,,,,,,,,,,,,,,,,,,,,,,,,,24.5181798541667,,,,,,
,,,,,,26.4129745483333,,,,,,,,,,,,,,,,,,,,,,,,,,,,,
,,,,,,18.5928253750000,,,,,,,,,,,,,,,,,,,,,,,,,,,,,
,,20.4764883354167,,,,,,,,,,,,,,,,,,,,,,,,,,,,,,,,,
,,,,,,,,,,,,,,,,,,,,,,,,,,,,,,,22.7255108958333,,,,
,,,,,,,,,,,,,,,,,,,,,,,,,,,,,,,16.2787894479167,,,,
,,,,,,,,25.4394291875000,,,,,,,,,,,,,,,,,,,,,,,,,,,
,,,,,,,,,,,,,24.9761914500000,,,,,,,,,,,,,,,,,,,,,,
,,,,,,,,,,,,,,,,23.9793688854167,,,,,,,,,,,,,,,,,,,
,,,,23.6368478125000,,,,,,,,,,,,,,,,,,,,,,,,,,,,,,,
,,,,,,,,,,,,,23.4597609375000,,,,,,,,,,,,,,,,,,,,,,
,,,,,,,,,,,,,,,,,,,,,,,,,,25.2278564622917,,,,,,,,,
,,,,,,25.5023126250000,,,,,,,,,,,,,,,,,,,,,,,,,,,,,
,,,,,,37.3451578958333,,,,,,,,,,,,,,,,,,,,,,,,,,,,,
,,,,,,,,,,,,,,,,,,,,,,,,,,,,,26.3612634375000,,,,,,
,,,,,,,20.7719570833333,,,,,,,,,,,,,,,,,,,,,,,,,,,,
,,,,,,,22.0162420291667,,,,,,,,,,,,,,,,,,,,,,,,,,,,
,,,,,,,21.0418335166667,,,,,,,,,,,,,,,,,,,,,,,,,,,,
,,,,,,,,,,,,,,,,,,,,,21.6868497291667,,,,,,,,,,,,,,
,,,,,,,,,,,,,,,,,,,,,,,,,,28.3777239791667,,,,,,,,,
,,,,,,,,,,,,,22.0551495416667,,,,,,,,,,,,,,,,,,,,,,
,,,,,,,,,,,,,,,,,,,,,,,,,,,19.3528362312500,,,,,,,,
,,22.0188056083333,,,,,,,,,,,,,,,,,,,,,,,,,,,,,,,,,
,,,,,,,,,,,,,,,,,,,,,,,,,,,,,23.3753021145833,,,,,,
,,,,26.4374649791667,,,,,,,,,,,,,,,,,,,,,,,,,,,,,,,
,,,,,,,,,,,,,,,,,,,28.3304184145833,,,,,,,,,,,,,,,,
,,,,,,,,,,,,,,,,,,,,,,21.7769155625000,,,,,,,,,,,,,
,,,,,,,,,19.8679380000000,,,,,,,,,,,,,,,,,,,,,,,,,,
,,,,,,,,,,,,,,11.5183974291667,,,,,,,,,,,,,,,,,,,,,
,,,,,,,,,,,,,,,,,,,,,,,27.4490893200000,,,,,,,,,,,,
,,,,,,,,,,,,,,29.8625312500000,,,,,,,,,,,,,,,,,,,,,
,,,,,,,,,,,,,,21.4270039583333,,,,,,,,,,,,,,,,,,,,,
,,,,,,,,,,,,,,,,,,,,,,,,,,,,,,22.6298033333333,,,,,
,,,,,29.7487270791667,,,,,,,,,,,,,,,,,,,,,,,,,,,,,,
,,,,,24.1561651041667,,,,,,,,,,,,,,,,,,,,,,,,,,,,,,
,,,,,,,,,,,,,,,,,,,,,,,,,,28.5726446666667,,,,,,,,,
,,,,,,,,,,,,,,,,,,,,,,,,,,,,,,,21.9365079166667,,,,
,,,,,,,,,,,,,,,,,,,,,,,,,,,,,,,13.9904306520833,,,,
,,,,,,,,,,,,,,,,,,,,,,,,,,,,,,,22.8076900750000,,,,
,,,,,,,,,,,,,,,,,,,,,,,,,,,,,,,14.1375028333333,,,,
,,,,,,,,,,,,,,,,,,,,,,,,,,,,,,,21.3761949791667,,,,
,,,,,,,,,,,,,,,,,,,,,,,,,,,,,,,19.3575002083333,,,,
,,,,,,,,,,,,,,,,,,,,,,,,,,,,,,,15.1259254502083,,,,
,,,,,,,,,,,,,,,,,,,,,,,,,23.0374710416667,,,,,,,,,,
,,,,,,,,,,,,,,,,,,,,23.2321167520833,,,,,,,,,,,,,,,
,,,,,,,,,,,,,,,,,,,,,,,,,,,,,,,23.4439889583333,,,,
,,,,,,,,,,,,,,,,,,,,,,,,,,,,,,,17.7273337500000,,,,
,,,,,,,,,,,,,,,,,,,,,,,,,,,,,,,15.4690727625000,,,,
,,,,,,,,,,,,,,,,,,,,,,,,,23.0656487708333,,,,,,,,,,
,,,,,,,,,,,,,,,,,,,,24.3888249166667,,,,,,,,,,,,,,,
,,,,,,,,,,,,,,,,,,,,,,,,,,,,,,,20.8750718750000,,,,
,,,,,,,,,,,,,,,,,,,,,,,,,,,,,,,14.9448630854167,,,,
,,,,,,,,,,,,,,,,,,,,22.2544167000000,,,,,,,,,,,,,,,
,,,,,,,,,,,,,,,,,,,,,,,,,,,,,,,17.6941939583333,,,,
,,,,,,,,,,,,,,,,,,,,,,,,,,,,,,,12.3698557416667,,,,
,,,,,,,,,,,,,,,,,,,,23.6248555708333,,,,,,,,,,,,,,,
,,,,,,19.9048938333333,,,,,,,,,,,,,,,,,,,,,,,,,,,,,
,,,,,,,,,,,,,,,,,,,,,,,,,,,,26.0034635416667,,,,,,,
,,,,,,,,,,,,,,,,,,,,,,,,,,,,,26.9589140750000,,,,,,
,,24.9839348333333,,,,,,,,,,,,,,,,,,,,,,,,,,,,,,,,,
,,,,,,,,,,,20.3792960416667,,,,,,,,,,,,,,,,,,,,,,,,
,,,,,,,,,,,10.4812310229167,,,,,,,,,,,,,,,,,,,,,,,,
,,,,16.1991525000000,,,,,,,,,,,,,,,,,,,,,,,,,,,,,,,
,,,,,,,,,,,,,,,,,,,,,,,,,,,,,,,22.5530621458333,,,,
,,,,,,,,,21.1123699583333,,,,,,,,,,,,,,,,,,,,,,,,,,
,,,,,,,,,,,,,,,,,,,,,,,,,,,,,,,23.4789149375000,,,,
,,,,,,,,,,,,,,,,,,,,,,,,,,,,,,,18.9345756875000,,,,
,,,,,,,,,,,,,,,,,,,,,,,,,,,,,,,14.3038678541667,,,,
,,,,,,,,,,,,,,,,,,,,,,,,,,,,,,,22.8920479166667,,,,
,,,,,,,,,,,,,,,,,,,,,,,,,,,,,,,16.5040252916667,,,,
,,26.3769581312500,,,,,,,,,,,,,,,,,,,,,,,,,,,,,,,,,
,,,,,,,24.1191452500000,,,,,,,,,,,,,,,,,,,,,,,,,,,,
,,16.8380738104167,,,,,,,,,,,,,,,,,,,,,,,,,,,,,,,,,
,,,,,,,21.1636112916667,,,,,,,,,,,,,,,,,,,,,,,,,,,,
,,,,,,,,,,,,,,,,23.9972465770833,,,,,,,,,,,,,,,,,,,
,,,,,,,,,,,,,,,,,,,,,,,,,,,,,,,22.3478630625000,,,,
,,,,,,,,,,,,,,,,,,,,,,,,,,,,,,,12.5395186875000,,,,
,,,,,,,,,21.6320267500000,,,,,,,,,,,,,,,,,,,,,,,,,,
,,,,,,,,,,,,,,,,,,,,,,,,,,,,,,,23.7293011250000,,,,
,,,,,,,,,,,,,,,,,,,,,,,,,,,,,,,16.4294855000000,,,,
,,,,,,27.6858376275000,,,,,,,,,,,,,,,,,,,,,,,,,,,,,
,,18.9752407916667,,,,,,,,,,,,,,,,,,,,,,,,,,,,,,,,,
,,,,,,,,,,,,,24.7759027500000,,,,,,,,,,,,,,,,,,,,,,
,,,,,,,,,,,,,,,,,,,,,,,23.9089281000000,,,,,,,,,,,,
,,,,,,,,,,,,,,,,,,,,23.0640686208333,,,,,,,,,,,,,,,
,,,,,,,,,,,,,23.6789113333333,,,,,,,,,,,,,,,,,,,,,,
,,,,,,,19.5374221479167,,,,,,,,,,,,,,,,,,,,,,,,,,,,
,,,,,,,,,,,,,,,,,,,,,,,,,,,,,,,20.2938517083333,,,,
,,,,,,,,,,,,,,,,,,,,,,,,,,,,,,,14.9564313750000,,,,
,,,,,,,,,,,,,,,23.0471659145833,,,,,,,,,,,,,,,,,,,,
,,,,,,,,,,,,,,,,,,,,,,,,,,,,,25.6902282875000,,,,,,
,,,,,,,,,,,,,,,,,,,,,,,,25.6588927104167,,,,,,,,,,,
,,,,,,,,,,,,,24.9558036937500,,,,,,,,,,,,,,,,,,,,,,
,,,,,,,,,,,,,,,,,,,,,,,,,,,,,,,22.2970671666667,,,,
,,,,,,,,,,,,,,,,,,,,,,,,,,,,,,,15.0384020145833,,,,
,,,,,,,,,,,20.4947023750000,,,,,,,,,,,,,,,,,,,,,,,,
,,,,,,,,,,,13.8793848541667,,,,,,,,,,,,,,,,,,,,,,,,
,,,,,,29.4908392562500,,,,,,,,,,,,,,,,,,,,,,,,,,,,,
,,,,,,,,,,,,,,,,,,,,,,,,,,,,,,,24.8256035937500,,,,
,,,,,,,,,,,,,,,,,,,,,,,,,,,,,,,22.8584104479167,,,,
,,,,,,24.0249235166667,,,,,,,,,,,,,,,,,,,,,,,,,,,,,
,,28.2801099350000,,,,,,,,,,,,,,,,,,,,,,,,,,,,,,,,,
,,,,,,,,,,,,,,,,,,,,,,,,,32.6931809687500,,,,,,,,,,
,,,,,,,,,,,,,24.6787499000000,,,,,,,,,,,,,,,,,,,,,,
,,,,,,,,,,,,,,,,,,,,24.8292034291667,,,,,,,,,,,,,,,
,,,,,,,,,,,,,,,,,,,,,,,,27.0555024681250,,,,,,,,,,,
,,,,,,,,,,,,,,,,,,,,,,,,,,,,,,,,24.4988732500000,,,
,,,,,23.1570635987500,,,,,,,,,,,,,,,,,,,,,,,,,,,,,,
,,,,,,,,,,,,,22.4235240208333,,,,,,,,,,,,,,,,,,,,,,
,,,,,,,,,,,,,23.4800364395833,,,,,,,,,,,,,,,,,,,,,,
,,,,,,,,,,,,,,,,,,,,,,,,,,,,,25.5393685354167,,,,,,
,,,21.6095242270833,,,,,,,,,,,,,,,,,,,,,,,,,,,,,,,,
,,,,,,,,,,,,,,,,,,,,26.2156635000000,,,,,,,,,,,,,,,
,,,,,,,,,,,,,,,,,,,,,,,,,,,,,,,19.9003527083333,,,,
,,,,,,,,,,,,,,,,,,,,,,,,,,,,,,,14.0383580416667,,,,
,,,,,,,,,,,,,,,,,,,,,,,,,,,,31.3796016458333,,,,,,,
,,,,,,,,,,,,,,,,,,,,,,,,,,,,,23.0722859729167,,,,,,
,,,,,,,,,,,,,,,,,,,,,,,,27.6144873333333,,,,,,,,,,,
23.1268591666667,,,,,,,,,,,,,,,,,,,,,,,,,,,,,,,,,,,
14.9315612083333,,,,,,,,,,,,,,,,,,,,,,,,,,,,,,,,,,,
22.0537264583333,,,,,,,,,,,,,,,,,,,,,,,,,,,,,,,,,,,
19.1432378958333,,,,,,,,,,,,,,,,,,,,,,,,,,,,,,,,,,,
26.2951344791667,,,,,,,,,,,,,,,,,,,,,,,,,,,,,,,,,,,
19.6822025625000,,,,,,,,,,,,,,,,,,,,,,,,,,,,,,,,,,,
21.3059627916667,,,,,,,,,,,,,,,,,,,,,,,,,,,,,,,,,,,
23.4997256250000,,,,,,,,,,,,,,,,,,,,,,,,,,,,,,,,,,,
20.7519185416667,,,,,,,,,,,,,,,,,,,,,,,,,,,,,,,,,,,
22.5113692291667,,,,,,,,,,,,,,,,,,,,,,,,,,,,,,,,,,,
27.1699587583333,,,,,,,,,,,,,,,,,,,,,,,,,,,,,,,,,,,
29.3400915416667,,,,,,,,,,,,,,,,,,,,,,,,,,,,,,,,,,,
21.1257951666667,,,,,,,,,,,,,,,,,,,,,,,,,,,,,,,,,,,
23.6135364791667,,,,,,,,,,,,,,,,,,,,,,,,,,,,,,,,,,,
18.2856300833333,,,,,,,,,,,,,,,,,,,,,,,,,,,,,,,,,,,
18.0607110270833,,,,,,,,,,,,,,,,,,,,,,,,,,,,,,,,,,,
27.0999816250000,,,,,,,,,,,,,,,,,,,,,,,,,,,,,,,,,,,
20.5704171458333,,,,,,,,,,,,,,,,,,,,,,,,,,,,,,,,,,,
24.8526443750000,,,,,,,,,,,,,,,,,,,,,,,,,,,,,,,,,,,
29.5460451812500,,,,,,,,,,,,,,,,,,,,,,,,,,,,,,,,,,,
,,21.1221092916667,,,,,,,,,,,,,,,,,,,,,,,,,,,,,,,,,
,,,,,,,,,21.8209184375000,,,,,,,,,,,,,,,,,,,,,,,,,,
,,,,21.6462545625000,,,,,,,,,,,,,,,,,,,,,,,,,,,,,,,
,,,,23.3205658875000,,,,,,,,,,,,,,,,,,,,,,,,,,,,,,,
,,,,,,,,,,,,,,,,,,,,,,,,,,,,,,,21.4067941666667,,,,
,,,,,,,,,,,,,,,,,,,,,,,,,,,,,,,15.1126222000000,,,,
,,,,,,,,,19.8690032145833,,,,,,,,,,,,,,,,,,,,,,,,,,
,,,,,,,,,,,,,24.1350544729167,,,,,,,,,,,,,,,,,,,,,,
,,,,,,,,,,,,,,,,,,,,,,,,,25.8204594166667,,,,,,,,,,
,,,,,,,,,,,,,,,,,,,,,,,,,,,,,,,24.3011881375000,,,,
,,,,,,,,,,,,,,,,,,,,,,,,,,,,,,,15.8533299625000,,,,
,,,,,,,,,,,,,,,,,,,,,,,,27.0217476695833,,,,,,,,,,,
,,,,,,,,,,,,,,,,,,,,,,,,,,,,,26.8909804312500,,,,,,
,,,,,,,,,,,,,,,,,,,,,,,,,21.7437812166667,,,,,,,,,,
,,,,,,,,,,,,,,,,,,,,,,,,,,,,,,,19.1909987416667,,,,
,,,,,,,,,18.4273370520833,,,,,,,,,,,,,,,,,,,,,,,,,,
,,,,,,,,,,,,,,,,,,,,,,,,,24.6288320625000,,,,,,,,,,
,,,,,,,17.9070008333333,,,,,,,,,,,,,,,,,,,,,,,,,,,,
,,,,,,,19.4487799375000,,,,,,,,,,,,,,,,,,,,,,,,,,,,
,,,,,,,,,,,,,,,,,,,,,,,,,,26.7336918125000,,,,,,,,,
,,,,,,,,,,,,,,,21.9781241868750,,,,,,,,,,,,,,,,,,,,
,,,,22.9880458708333,,,,,,,,,,,,,,,,,,,,,,,,,,,,,,,
,,,,,,,,,,,,,,,,,,,,,,,,,,,,,,,24.1968118583333,,,,
,,,,,,,,,,,,,,,,,,,,,,,,,,25.9532137889583,,,,,,,,,
,,,,,23.9565936041667,,,,,,,,,,,,,,,,,,,,,,,,,,,,,,
,,,,,,,,,,,,,,,,,,,,,,,,,,,,,,,19.4925344916667,,,,
,,,,,,,,,,,,,,,,,,,,,,,,,,,,,,,23.5522187500000,,,,
,,,,,,,,,,,,,,,,,,,,,,,,,,,,,,,21.2097884166667,,,,
,,,,,,,,,,,,,,,,,,,,,,,,,,,,,,,20.0437991666667,,,,
,,,,,,,,,,,,,,,,,,,,,,,,,,,,,,,18.9058212937500,,,,
,,,,,,,,,,,,,,,,,,,,24.0961130416667,,,,,,,,,,,,,,,
,,,,,,,,,,,,,,,,,,26.2740568125000,,,,,,,,,,,,,,,,,
,,,,,,,,,,,,,,,,,,,,,,,,,,,,,23.8871892645833,,,,,,
,,,,,,,20.6290621666667,,,,,,,,,,,,,,,,,,,,,,,,,,,,
,,,,,,,,,,,,,,,,,,,,,,,,,,,,,,,,27.0846298145833,,,
,,,,,,,22.5850971041667,,,,,,,,,,,,,,,,,,,,,,,,,,,,
,,,,,,,,,,,,,,,,,,,,,,,,,,23.2287379934792,,,,,,,,,
,,,,,24.7465515243750,,,,,,,,,,,,,,,,,,,,,,,,,,,,,,
,,,,,,,,,,,,,,,,,,,,,,,,,,,,,,,26.8278837500000,,,,
,,,,,,,,,19.5967697291667,,,,,,,,,,,,,,,,,,,,,,,,,,
,,,,,,,,,,,,,24.0874759145833,,,,,,,,,,,,,,,,,,,,,,
,,,,,,,,,,,,,,,,,,,,,,,,,,,,,,,21.5703446875000,,,,
,,,,22.6764811979167,,,,,,,,,,,,,,,,,,,,,,,,,,,,,,,
,,,,,,,,,23.1392246541667,,,,,,,,,,,,,,,,,,,,,,,,,,
,,,,,,,,,,,,,,,,,,,,,,,,,,,,,,,,27.9003672562500,,,
,,,,,,,,,,,,,24.1837208925000,,,,,,,,,,,,,,,,,,,,,,
,,,,,,,,,,,,,23.7332750625000,,,,,,,,,,,,,,,,,,,,,,
,,,,,,,,24.0089988625000,,,,,,,,,,,,,,,,,,,,,,,,,,,
,,,27.7336772958333,,,,,,,,,,,,,,,,,,,,,,,,,,,,,,,,
,,,,,,,,,,,,,,,,20.6510823291667,,,,,,,,,,,,,,,,,,,
,,23.0343595166667,,,,,,,,,,,,,,,,,,,,,,,,,,,,,,,,,
,,,,,,,,,18.8535578979167,,,,,,,,,,,,,,,,,,,,,,,,,,
,,,,,,,,,,,,,,,,,,,,,,,,25.6012228250000,,,,,,,,,,,
,,,,,,26.2014774791667,,,,,,,,,,,,,,,,,,,,,,,,,,,,,
,,26.1758369166667,,,,,,,,,,,,,,,,,,,,,,,,,,,,,,,,,
,,,,,,,23.3681941458333,,,,,,,,,,,,,,,,,,,,,,,,,,,,
,,,,,,25.7544829166667,,,,,,,,,,,,,,,,,,,,,,,,,,,,,
,,,,,23.0681771702083,,,,,,,,,,,,,,,,,,,,,,,,,,,,,,
,,,,,16.3437880000000,,,,,,,,,,,,,,,,,,,,,,,,,,,,,,
,,,,18.7059056125000,,,,,,,,,,,,,,,,,,,,,,,,,,,,,,,
,,,,,,25.5481951260417,,,,,,,,,,,,,,,,,,,,,,,,,,,,,
,,,,24.6714069250000,,,,,,,,,,,,,,,,,,,,,,,,,,,,,,,
,,,,,24.0881198883333,,,,,,,,,,,,,,,,,,,,,,,,,,,,,,
,,,,,26.1435215875000,,,,,,,,,,,,,,,,,,,,,,,,,,,,,,
,,,,,,,,,,,,,,,,,,,,,,,25.5048350750000,,,,,,,,,,,,
,,,,,,,,,,,,,,,,,,,,,,,,,,23.7600402683333,,,,,,,,,
,,,,,,,,,,,,,,,23.1039614291667,,,,,,,,,,,,,,,,,,,,
,,,,,,,,,,,,,,,,,,,,,,,25.8484100854167,,,,,,,,,,,,
,,,,,,,,,,,,,,,,,,,,,,,,,26.3877687291667,,,,,,,,,,
,,,,,,,,,,,,,,,,,,,,,,,,,,,,,,,25.3398687875000,,,,
,,,,,,,,,,,,,,,27.0308664583333,,,,,,,,,,,,,,,,,,,,
,,,,,,,20.4886859375000,,,,,,,,,,,,,,,,,,,,,,,,,,,,
,,,,,,,,,,,,,,,,,,,,,,,,,,,,,,,22.4318708333333,,,,
,,,,,,,,,,,,,,,,,,,,,,,,,,,,,,,16.3377440000000,,,,
,,,,,,,,,18.7534106145833,,,,,,,,,,,,,,,,,,,,,,,,,,
,,,,,,,,,,,,,,,,,,,,,,,,,,,,,,,,,,12.9904146250000,
,,,,,,,,,,,,,,,,,,,,,,,,,,,,,,,26.5528527916667,,,,
,,,,,,,,,,,,,,,,,,,,,,,,,,,,,,,15.6054499145833,,,,
,,15.4845158770833,,,,,,,,,,,,,,,,,,,,,,,,,,,,,,,,,
23.6363075833333,,,,,,,,,,,,,,,,,,,,,,,,,,,,,,,,,,,
,,18.3274608541667,,,,,,,,,,,,,,,,,,,,,,,,,,,,,,,,,
,,,,,,,,,,,,,,,,,,,,,,,,,,,,,,9.0592990416667,,,,,
,,,,,,,,,,,,,,,,,,,,,,,,,,,,,,16.1921906250000,,,,,
,,,,,,,,,,,,,,,,,,,,,,,,,,,,,,,27.6379340583333,,,,
,,,,,,,,,,,,,,,,,,,,,,,,,,,,,,,27.2550748541667,,,,
,,,,,,,,,,,,,,,,,,,,,,,,,,,,,,,25.7265191666667,,,,
,,,,,,,,,,,,,,,,,,,,,,,,,,,,,,,22.4776316041667,,,,
,,,,,,,,,,,,,,,,,,,,,,,,,,,,,,,20.6164387708333,,,,
,,,,,,,,,,,,,,,,,,,,,,,,,,,,,,,18.1352953541667,,,,
,,,,,,,,,,,,,,,,,,,,,,,,,,,,,,,17.9625924166667,,,,
,,,,,,,,,,,,,,,,,,,,,,,,,,,,,,,17.3327248958333,,,,
,,,,,,,,,,,,,,,,,,,,,,,,,,,,,,,16.8933215000000,,,,
,,,,,,,,,,,,,,,,,,,,24.7633118833333,,,,,,,,,,,,,,,
,,,,,,,,,22.8638438125000,,,,,,,,,,,,,,,,,,,,,,,,,,
,,,,,,,,,21.1184061125000,,,,,,,,,,,,,,,,,,,,,,,,,,
,,,,,,,,,,,,,,,,,,,,,,,,,,24.9158471550000,,,,,,,,,
,,,,,,,,,,,,,,,,,,,,,,,,,,,,,,,23.0232821937500,,,,
,,,,,,,,,,,,,,,,,,,,,,,,,,,,16.4668931302083,,,,,,,
,,,,,,,,,,,,,,,,,,,,,,,,,,,,24.0741328541667,,,,,,,
,,,,,,,,,,,,,,,,,,,,,,,,,,,,24.2863500000000,,,,,,,
,,,,,,,,,,,,,,,,,,,,,,,,,,,,14.5641110625000,,,,,,,
,,,,,,,,,,,,,,,,,,,,,,,,,,,,23.4149428333333,,,,,,,
,,,,,,,,,,,,,,,,,,,,,,,,,,,,19.2302286375000,,,,,,,
,,,,,,,,,,,,,,,,,,,,,,,,,,,,17.3302682916667,,,,,,,
,,,,,,,,,,,,,,,,,,,,,,,,,,,,25.5881549445833,,,,,,,
,,,,,,,,,,,,,,,,,,,,,,,,,,,,23.3855460416667,,,,,,,
,,,,,,,,,,,,,,,,,,,,,,,,,,,,22.9371878895833,,,,,,,
,,,,22.4358994166667,,,,,,,,,,,,,,,,,,,,,,,,,,,,,,,
,,,,,,,,,,,,,,,,,,23.6504182479167,,,,,,,,,,,,,,,,,
,,,,,,,,,,,,,,,,,,,,,,,,,21.5538806854167,,,,,,,,,,
,,,,,,,,25.2325128270833,,,,,,,,,,,,,,,,,,,,,,,,,,,
,,,,,,,,18.5550072937500,,,,,,,,,,,,,,,,,,,,,,,,,,,
,,,,,,,,,,,,,,,,,,,,,,,,,,,,,,,22.0871978416667,,,,
,,,,,,,,,,,,,,,,,,,,,,,,,,,,,,,28.9765460416667,,,,
,,,,,,,,,,,,,,,,,,,,,,,,,,,,,,,23.8811312147917,,,,
,,,,,,,,,,,,,,,,,,,,,,,,,,,,,,,23.0912681250000,,,,
,,,,,25.1690565416667,,,,,,,,,,,,,,,,,,,,,,,,,,,,,,
,,,,,25.4818907343750,,,,,,,,,,,,,,,,,,,,,,,,,,,,,,
,,,,,,,,,,,,,,,25.4171328729167,,,,,,,,,,,,,,,,,,,,
,,,,,,,,,,,,,24.6617039291667,,,,,,,,,,,,,,,,,,,,,,
,,,,,,,,,,,,,25.3792270000000,,,,,,,,,,,,,,,,,,,,,,
,,,,,,29.2461548333333,,,,,,,,,,,,,,,,,,,,,,,,,,,,,
,,,,,,,,,,,,,,,,,,,,25.0463372708333,,,,,,,,,,,,,,,
,,,,,,,28.5323531250000,,,,,,,,,,,,,,,,,,,,,,,,,,,,
,,,,,,,,,,,,,,,,,,,,,,,,,,,,,,,23.2556317954167,,,,
,,,,,,,,,,,,,,,,,,,,,,,,,,,,,,,22.6143025000000,,,,
,,,,,,,,,,,,,,,,,,,,,,,,,,,,,,,22.2432207083333,,,,
,,,,,,,,,,,,,,,,,,,,,,,,,,,,,,,24.9945908895833,,,,
,,,,,,,,,,,,,,,,,,,,,,,,,,,,,,,22.8668213125000,,,,
,,,25.5832948872917,,,,,,,,,,,,,,,,,,,,,,,,,,,,,,,,
,,,,,,,,,,,,,,,,,,,,,,,,,,,,,,,23.0917290625000,,,,
,,,,,,,,,,,,,,,,,,,,,,,,,,,,,,,15.5330070304167,,,,
,,,,,,,,,,,,,,,,,,,,,,,,,30.3596401979167,,,,,,,,,,
,,,,,,,,,,,,,,,,,,,,,,,,,,,,,,,27.5536363958333,,,,
,,,,,,,,,,,,,,,,,,,,,,,,,,,,,,,25.6289410416667,,,,
,,,,,,,,,,,,,,,,,,,,,,,,,,,,,,,,,,,21.0181062500000
,,,,,,,,,,,,,,,,,,,,,,,,,,,,,,,,,,,19.6390213333333
,,,,,,,,,,,,,,,,,,,,,,,,,,,,,,,,,,,19.3471266250000
,,,,,,,,,,,,,,,,,,,,,,,,,,,,,,,,,,,25.4453175625000
,,,,,,,,,,,,,,,,,,,,,,,,,,,,,,,,,,,19.3483289375000
,,,,,,,,,,,,,,,,,,,,,,,,,,,,,,,,,,,18.7042523125000
,,,,,,,,,,,,,,,,,,,,,,,,,,,,,,,,,,,22.4094680604167
,,,,,,,,,,,,,,,,,,,,24.5230387916667,,,,,,,,,,,,,,,
,,,,,,,,,,,,,,,,,,,,24.9133588937500,,,,,,,,,,,,,,,
,,,,,,,,,,,,,,,,,,,,,20.1771102091667,,,,,,,,,,,,,,
,,,,,,,,,,,,,,,,,,,,,,,,,,,,,,,23.9404858333333,,,,
,,,,,,,,,,,,,,,,,,,,,,,,,,,,,,,15.3906863750000,,,,
,,,,,,,,19.9096004166667,,,,,,,,,,,,,,,,,,,,,,,,,,,
,,,,,,,,,,,,,25.5050333333333,,,,,,,,,,,,,,,,,,,,,,
,,,,,,,,,,,,,,,,,,,,22.1067012729167,,,,,,,,,,,,,,,
,,,,19.4896800833333,,,,,,,,,,,,,,,,,,,,,,,,,,,,,,,
,,,,,,,,,19.7359349083333,,,,,,,,,,,,,,,,,,,,,,,,,,
,,,,,,,,,,,,,,,,,,,,,,,,,,,,,,,24.3970343041667,,,,
,,,,,,,,,,,,,,,,,,,,,,,,,,,,,,,18.4388904250000,,,,
,,,,,,,,,20.9049410395833,,,,,,,,,,,,,,,,,,,,,,,,,,
,,,,,,33.4920498958333,,,,,,,,,,,,,,,,,,,,,,,,,,,,,
,,,,,,20.9539597708333,,,,,,,,,,,,,,,,,,,,,,,,,,,,,
,,,,,,,,,,,,,,,,,,,,,,,,26.2896583500000,,,,,,,,,,,
,,,,,,,23.6517455562500,,,,,,,,,,,,,,,,,,,,,,,,,,,,
,,,,,,,,,,,,,,,,,,,,,,,,,,26.6441082443750,,,,,,,,,
,,,,,,,,,,,,,,,,,,,,,,,,,,,,,21.6544569916667,,,,,,
,,,,,,,,,,,22.2521335416667,,,,,,,,,,,,,,,,,,,,,,,,
,,,,,,,,,,,11.8435590833333,,,,,,,,,,,,,,,,,,,,,,,,
,,,,,,,,,21.0564680000000,,,,,,,,,,,,,,,,,,,,,,,,,,
,,,,,,,23.5336779166667,,,,,,,,,,,,,,,,,,,,,,,,,,,,
,,,,,,,,,,,,,,,,,,,,,,,,,,,,,,,,26.5865967750000,,,
,,,,,,,,,,,,,,,,,,,,,,,,,,28.0277696737500,,,,,,,,,
,,,,16.8982541875000,,,,,,,,,,,,,,,,,,,,,,,,,,,,,,,
,,,,,,,,22.9901937291667,,,,,,,,,,,,,,,,,,,,,,,,,,,
,,,,,,,,,,,,,23.1497323125000,,,,,,,,,,,,,,,,,,,,,,
,,,,,,,,,,,,,,,,,,,,,,,,,,,,27.1493545625000,,,,,,,
,,,,,,,,24.8744249229167,,,,,,,,,,,,,,,,,,,,,,,,,,,
,,,,,,,,,21.3852163312500,,,,,,,,,,,,,,,,,,,,,,,,,,
,,,,,,,,,,,,,,,,,,,,24.7265118333333,,,,,,,,,,,,,,,
,,,,,,,,,,,,,23.3898760416667,,,,,,,,,,,,,,,,,,,,,,
,,,,,,,,,,,,,,,,,,,,,,,30.1114933333333,,,,,,,,,,,,
,,,,,,,,,,18.8187612500000,,,,,,,,,,,,,,,,,,,,,,,,,
,,,,,,,,,,,,,,,,,,,,,,,,,,25.1416339083333,,,,,,,,,
,,,,,,,,,,,,,,,,,,,26.7799981458333,,,,,,,,,,,,,,,,
,,,,,,,,,,,,,,,,,,,24.8675613708333,,,,,,,,,,,,,,,,
,,,,,,,,,,,,,,,,,,,23.7899930062500,,,,,,,,,,,,,,,,
,,,,,,,,,,,,,,,,,,,,,,23.9793400000000,,,,,,,,,,,,,
,,,,,,,,,,19.6674533333333,,,,,,,,,,,,,,,,,,,,,,,,,
,,,,,,,,,,,,,,,,,,,25.5953129395833,,,,,,,,,,,,,,,,
,,,,,,,,,,,,,,,,,,,,,,,,,,,,,,,,,27.6801579583333,,
,,,,,,,,,,,,,,,,22.1018665416667,,,,,,,,,,,,,,,,,,,
,,,,,,,,,,,,,,,,,,,,,,,,26.8780241133333,,,,,,,,,,,
,,,,,,,,,,,,,,,,,,,,,,,,25.2262738750000,,,,,,,,,,,
,,,,,,,,,,,,,,,,,,,28.3815416458333,,,,,,,,,,,,,,,,
,,,,,,,,,,,,,,,,,,,28.1817039583333,,,,,,,,,,,,,,,,
,,,,,,,,,,,,,,,,,,,24.6714606458333,,,,,,,,,,,,,,,,
,,,23.2580131666667,,,,,,,,,,,,,,,,,,,,,,,,,,,,,,,,
,,,26.5419691458333,,,,,,,,,,,,,,,,,,,,,,,,,,,,,,,,
,,,20.6713125383333,,,,,,,,,,,,,,,,,,,,,,,,,,,,,,,,
,,,16.8382086875000,,,,,,,,,,,,,,,,,,,,,,,,,,,,,,,,
,,,31.8203283000000,,,,,,,,,,,,,,,,,,,,,,,,,,,,,,,,
,,,18.6443777708333,,,,,,,,,,,,,,,,,,,,,,,,,,,,,,,,
,,,21.1153729791667,,,,,,,,,,,,,,,,,,,,,,,,,,,,,,,,
,,,22.6617357770833,,,,,,,,,,,,,,,,,,,,,,,,,,,,,,,,
,,,22.4293810416667,,,,,,,,,,,,,,,,,,,,,,,,,,,,,,,,
,,,29.6214633145833,,,,,,,,,,,,,,,,,,,,,,,,,,,,,,,,
,,,22.5569361291667,,,,,,,,,,,,,,,,,,,,,,,,,,,,,,,,
,,,21.7614461875000,,,,,,,,,,,,,,,,,,,,,,,,,,,,,,,,
,,,24.8555595833333,,,,,,,,,,,,,,,,,,,,,,,,,,,,,,,,
,,,24.5607402291667,,,,,,,,,,,,,,,,,,,,,,,,,,,,,,,,
,,,23.9780352291667,,,,,,,,,,,,,,,,,,,,,,,,,,,,,,,,
,,,23.9203875208333,,,,,,,,,,,,,,,,,,,,,,,,,,,,,,,,
,,,22.1382275083333,,,,,,,,,,,,,,,,,,,,,,,,,,,,,,,,
,,,26.1036714583333,,,,,,,,,,,,,,,,,,,,,,,,,,,,,,,,
,,,22.6846162708333,,,,,,,,,,,,,,,,,,,,,,,,,,,,,,,,
,,,17.1497879166667,,,,,,,,,,,,,,,,,,,,,,,,,,,,,,,,
,,,22.1926985416667,,,,,,,,,,,,,,,,,,,,,,,,,,,,,,,,
,,,20.2845955416667,,,,,,,,,,,,,,,,,,,,,,,,,,,,,,,,
,,,18.5546939375000,,,,,,,,,,,,,,,,,,,,,,,,,,,,,,,,
,,,16.4133495416667,,,,,,,,,,,,,,,,,,,,,,,,,,,,,,,,
,,,22.3339395000000,,,,,,,,,,,,,,,,,,,,,,,,,,,,,,,,
,,,,,,,,,,,,,,,,,,,,,,,,,,,,25.2900316277083,,,,,,,
,,12.8550335583333,,,,,,,,,,,,,,,,,,,,,,,,,,,,,,,,,
,,,,,26.2505241668750,,,,,,,,,,,,,,,,,,,,,,,,,,,,,,
,,,,,17.4470440000000,,,,,,,,,,,,,,,,,,,,,,,,,,,,,,
,,21.2143235625000,,,,,,,,,,,,,,,,,,,,,,,,,,,,,,,,,
,,,,,,,,,,,,,,,,,,,,,,,,,,,,,24.5429063125000,,,,,,
,,,,,,,,,,,,,,,,,,,,,,,,,22.3954566041667,,,,,,,,,,
,,,,,,,,26.8355243333333,,,,,,,,,,,,,,,,,,,,,,,,,,,
,,,,,,,,,,,,,,,,,,,,,,,,,27.0377521979167,,,,,,,,,,
,,,,,,,,,,,,,,,,,,,,,,,,,29.5596516666667,,,,,,,,,,
,,,,,,,,,,,,,22.0247171666667,,,,,,,,,,,,,,,,,,,,,,
,,,,,,,,,,,,,,,,,,,,,,,,,,,,,,28.6864012247917,,,,,
,,,,,,,,,,,,,,,,,,,,,,,,,,,,25.1579772916667,,,,,,,
,,,,,,,,,,,,,,,,,,,,,,,,23.7301475125000,,,,,,,,,,,
,,19.2785328333333,,,,,,,,,,,,,,,,,,,,,,,,,,,,,,,,,
,,,,,24.1070348554167,,,,,,,,,,,,,,,,,,,,,,,,,,,,,,
,,,,,,,,,,,,,,,,,,,,24.2552885833333,,,,,,,,,,,,,,,
,,,,,,,,,,,,,,,,,,,,22.5701969312500,,,,,,,,,,,,,,,
,,,,,,,,,,,,,,,,,,,,,,,,,,24.3501379941667,,,,,,,,,
,,,,,,,,,,,,,,,,,,,,,,,,,,,,,,,23.7212206250000,,,,
,,,,,,,,,,,,,,,,,,,,,,,,,,,,,,,16.8065952916667,,,,
,,,,,,,,,,,21.1716860000000,,,,,,,,,,,,,,,,,,,,,,,,
,,,,,,,,,,,12.8732554479167,,,,,,,,,,,,,,,,,,,,,,,,
,,,,,,,,,,,,,,,,,,19.9540914062500,,,,,,,,,,,,,,,,,
,,,,,,,,23.0299257500000,,,,,,,,,,,,,,,,,,,,,,,,,,,
,,,,,,,,,,,,,,,,,,,,,,,33.1178137500000,,,,,,,,,,,,
,,,,,,,,,,,,,,,,,,,,,,,,,,,,,23.2466727854167,,,,,,
,,,,,,,,,,,,,,,,,,,,,,,,,,,,,,,16.7622250000000,,,,
,,,,,,,,,,,,,,,,,,,,,,,,,,,,,,,16.1274928145833,,,,
,,,,,,,,,,,,,,,,,,,,,,,,,,21.0771639979167,,,,,,,,,
,,,,,,,,,,,,,,,,,,,,,,,,,,,,27.0904189933333,,,,,,,
,,,,,,,,,,,,,,,,,,,,,,,,26.0047871625000,,,,,,,,,,,
,,,,,,,,,,,,,,,,,,,,,,,,24.5439643416667,,,,,,,,,,,
,,20.4834703958333,,,,,,,,,,,,,,,,,,,,,,,,,,,,,,,,,
,,,24.0494203395833,,,,,,,,,,,,,,,,,,,,,,,,,,,,,,,,
,,,,,,,,,21.7122436666667,,,,,,,,,,,,,,,,,,,,,,,,,,
,,,,,,,,,,,,,,,,,,,,,,,,26.6803216562500,,,,,,,,,,,
,,,,,,,,,,,,,,,,,,,,,,,,,,,,,,,21.6798865833333,,,,
,,,,,,,,,,,,,,,,,,,,,,,,,,,,,,,19.7869222625000,,,,
,,,,,,26.8004835345833,,,,,,,,,,,,,,,,,,,,,,,,,,,,,
,,,,,,,,,,,,,,,,,,,,,,,,,,,,25.5994438416667,,,,,,,
,,,,23.4440487708333,,,,,,,,,,,,,,,,,,,,,,,,,,,,,,,
,,,,,,,,,,,,,24.8083029166667,,,,,,,,,,,,,,,,,,,,,,
,,,,,,,,,,,,,23.9853174166667,,,,,,,,,,,,,,,,,,,,,,
,,,,,,,,22.0589042083333,,,,,,,,,,,,,,,,,,,,,,,,,,,
,,,,,,,,,,,,,,,,,,,,,,,,,,,,,25.0633675941667,,,,,,
,,,,,,19.7774232520833,,,,,,,,,,,,,,,,,,,,,,,,,,,,,
,,,,,,,,,,,,,,,,,,,,,,,,,,26.8793560562500,,,,,,,,,
,,19.3504467916667,,,,,,,,,,,,,,,,,,,,,,,,,,,,,,,,,
,,,,,,,,,,,,,,,,,,,,,,,,,,,,,,,30.9138654166667,,,,
,,,,,,,,,,,,,,,,,,,,,,,,,,,,,,,14.6227429500000,,,,
,,21.4136702083333,,,,,,,,,,,,,,,,,,,,,,,,,,,,,,,,,
,,,,,,,,,,,,,25.1974881041667,,,,,,,,,,,,,,,,,,,,,,
,,,,,,,,,,,,,24.3691693333333,,,,,,,,,,,,,,,,,,,,,,
,,,,,,,,,,,,,,,,,,,,,,,,,24.9818084289583,,,,,,,,,,
,,,,,,,,,,,,,,19.5350002291667,,,,,,,,,,,,,,,,,,,,,
,,,,,,,,,,,,,,,,,,,,,,,,,28.1051818604167,,,,,,,,,,
,,,,,,,,,19.7598344937500,,,,,,,,,,,,,,,,,,,,,,,,,,
,,,,,,,,,,,12.7964114375000,,,,,,,,,,,,,,,,,,,,,,,,
,,,,,,,,,,,,,,,,,,,,24.5181888333333,,,,,,,,,,,,,,,
,,,,,,,,,,,,,23.4350293125000,,,,,,,,,,,,,,,,,,,,,,
,,,,,,,,,,,,,,,,,,,,,,,,,,,,,,,23.4654411250000,,,,
,,,,,,,,,,,,,,,,,,,,,,,,,,,,,,,17.3209370208333,,,,
,,,,,,,,,21.9890796395833,,,,,,,,,,,,,,,,,,,,,,,,,,
,,20.8590190000000,,,,,,,,,,,,,,,,,,,,,,,,,,,,,,,,,
,,,,,,,,,,,,,,,,,,,,,,,,,,27.0542696458333,,,,,,,,,
,,,,,,,,,20.7827978375000,,,,,,,,,,,,,,,,,,,,,,,,,,
,,,29.0213603229167,,,,,,,,,,,,,,,,,,,,,,,,,,,,,,,,
,,,,,,,,,,,,,,,,,,,,,,,,,,,,,,,18.3587075225000,,,,
,,,,,,,,,,,,,,,,,,,,,,,,,,,,,,,,27.9851128958333,,,
,,,,,,,,,,,,,,,,,,,,25.0004057291667,,,,,,,,,,,,,,,
,,,,,,,,,,,,,,,,,,,,,,,,,,,,,,,24.0477324375000,,,,
,,,,,,,,,,,,,,,,,,,,,,,,,,,,,,,26.6543608333333,,,,
,,,,,,,,,,,,,,,,,,,,,,,,,,,,,,,18.9647070356250,,,,
,,16.6699928916667,,,,,,,,,,,,,,,,,,,,,,,,,,,,,,,,,
,,,,,,,,,20.7563950625000,,,,,,,,,,,,,,,,,,,,,,,,,,
,,,,,,,,,,,,,,,,,,,,,,,,,,,,26.6978315458333,,,,,,,
,,,,,,,,,,,,,27.4456761770833,,,,,,,,,,,,,,,,,,,,,,
,,,,,,,,,,,,,,,,,,,,,,,,,,,,,29.4943739375000,,,,,,
,,,,,,,,,,,,,25.3126529583333,,,,,,,,,,,,,,,,,,,,,,
,,,,,,,,,,,,17.8566438958333,,,,,,,,,,,,,,,,,,,,,,,
,,,,,,,,,,,,,21.8742430625000,,,,,,,,,,,,,,,,,,,,,,
,,,,,,,,,,,,,,,,,,,32.8910514375000,,,,,,,,,,,,,,,,
,,,,,,,,,,,,,,,,,,,26.7105797625000,,,,,,,,,,,,,,,,
,,,,,,,,,,,,,23.8386785625000,,,,,,,,,,,,,,,,,,,,,,
,,,,,,,,,,,,,,,,,,,,,,,,,,,,,,,23.2017604166667,,,,
,,,,,,,,,,,,,,,,,,,,,,,,,,,,,,,15.4897093958333,,,,
,,,,,,,,,,,,,22.8568635166667,,,,,,,,,,,,,,,,,,,,,,
,,,,,,,,,17.8932924958333,,,,,,,,,,,,,,,,,,,,,,,,,,
,,,,,,,,,13.5124169895833,,,,,,,,,,,,,,,,,,,,,,,,,,
,,,,,,,,,,,,,23.1470141250000,,,,,,,,,,,,,,,,,,,,,,
,,,,,,,,,,,,,,,23.1798151666667,,,,,,,,,,,,,,,,,,,,
,,,,,,30.8913923854167,,,,,,,,,,,,,,,,,,,,,,,,,,,,,
,,,,,,,,,,,,,23.7571674166667,,,,,,,,,,,,,,,,,,,,,,
,,,,,,,,,,,,,,,,,,,,,,,,,,,,,,,27.5240368937500,,,,
,,,,,,,23.9048665645833,,,,,,,,,,,,,,,,,,,,,,,,,,,,
,,,,,,,,,,,,,,,,,,,,,,,,,,,,,,,23.2509077708333,,,,
,,,,,,,,,,,,,20.7555242083333,,,,,,,,,,,,,,,,,,,,,,
,,,,,,,,,,,,,,,,,,,,,,,,,,,,,27.0074027291667,,,,,,
,,18.0843478125000,,,,,,,,,,,,,,,,,,,,,,,,,,,,,,,,,
,,,,,,,,,,,,,18.9881455333333,,,,,,,,,,,,,,,,,,,,,,
,,,,,,,,,,,,,,,31.1721386693750,,,,,,,,,,,,,,,,,,,,
,,,,,,,,,,,,,,,,,,,,,,,,,,,,,23.1881948166667,,,,,,
,,,,,,,,,,,,,,,,,,,,,,,,,30.4637092500000,,,,,,,,,,
,,,,,,,,,22.0671019458333,,,,,,,,,,,,,,,,,,,,,,,,,,
,,,,,,,,,,,,,,,,,,,,,,,,,,,,,,,23.3440727083333,,,,
,,,,,,,,,,,,,,,,,,,,,,,,,,,,,,,16.0221028541667,,,,
,,,,,,,,,,,,,,,,,,,,,,,,,,26.0233458333333,,,,,,,,,
,,,,,,,,,19.7995107291667,,,,,,,,,,,,,,,,,,,,,,,,,,
,,,,,,,,,,,,,,,23.3958785833333,,,,,,,,,,,,,,,,,,,,
,,,,,,,,,,,,,,,,,,,,,,,,,,,,,,,15.9911254791667,,,,
,,,,,,,,,,,,,,,,,,,,,,,,,24.9502314791667,,,,,,,,,,
,,,,,,,21.7838363333333,,,,,,,,,,,,,,,,,,,,,,,,,,,,
,,,,,,,,,,,,,,,,,,,26.5361318750000,,,,,,,,,,,,,,,,
,,,,,,,,,,,,,,,,,,,,,,22.5652776491667,,,,,,,,,,,,,
,,,,,,,,,,24.5682249375000,,,,,,,,,,,,,,,,,,,,,,,,,
,,,,,,,,,,,,,,,,,,,,,,,,,,,,,,,,,26.0943071041667,,
,,,,,,,,,,,,,,,,25.7162762708333,,,,,,,,,,,,,,,,,,,
,,,,,,,,,,,,,,,,,,,,,,,,22.4277757862500,,,,,,,,,,,
,,,,,,,,,,,,,,,,,,,,,,,,21.8402679854167,,,,,,,,,,,
,,,,,,,,,,,,,,,,,,,27.2238947333333,,,,,,,,,,,,,,,,
,,,,,,,,,,,,,,,,,,,,,,,34.5793173895833,,,,,,,,,,,,
,,,,19.7762026916667,,,,,,,,,,,,,,,,,,,,,,,,,,,,,,,
,,,,,,,,,,,,,,,,,,,,,,,,,,,,,,,22.2897637291667,,,,
,,,,,,,,,,,,,,,,,,,,,,,,,,,,,,,14.8707029000000,,,,
,,,19.3437111458333,,,,,,,,,,,,,,,,,,,,,,,,,,,,,,,,
,,,,,,,,,21.6445263020833,,,,,,,,,,,,,,,,,,,,,,,,,,
,,,,,,,,21.4748284354167,,,,,,,,,,,,,,,,,,,,,,,,,,,
,,,,,,,,,,,,19.8673919250000,,,,,,,,,,,,,,,,,,,,,,,
,,,,,,,,25.4201653125000,,,,,,,,,,,,,,,,,,,,,,,,,,,
,,,,,,,,,,,,,,,,,,,,23.8355901125000,,,,,,,,,,,,,,,
,,,,,,,,,,,,,,,,,,,,,,,,,,,,,,17.9049439166667,,,,,
,,,,,,,,,,,20.2705148541667,,,,,,,,,,,,,,,,,,,,,,,,
,,,,,,,,,,,,,,,,,,,,,,,,,,,,,,,,26.9881912250000,,,
,,,,,,,,,,,,,,,,,,,,,,,,,,,,31.8170257083333,,,,,,,
,,,,,,,,,,,,,,,,,,,,,,,,,,25.9165817166667,,,,,,,,,
,,,,,,,,25.8106544791667,,,,,,,,,,,,,,,,,,,,,,,,,,,
,,,,,,,,,,,,,,,,,,,,,,,,,,23.2040770416667,,,,,,,,,
,,,,,,,,,,,,,,,,,,,,,,,,,,28.1962228270833,,,,,,,,,
,,,,,22.0979247291667,,,,,,,,,,,,,,,,,,,,,,,,,,,,,,
,,,,,25.4129231520833,,,,,,,,,,,,,,,,,,,,,,,,,,,,,,
,,,,,21.0292409145833,,,,,,,,,,,,,,,,,,,,,,,,,,,,,,
,,,,,,,,,,,,,,,,,,,,,,,,,,26.4713888925000,,,,,,,,,
,,,,,,,,,,,,24.0359871110417,,,,,,,,,,,,,,,,,,,,,,,
,,,,,26.6552879666667,,,,,,,,,,,,,,,,,,,,,,,,,,,,,,
,,,,,,,,,,,,,24.9897179375000,,,,,,,,,,,,,,,,,,,,,,
,,,,,,,21.5474122666667,,,,,,,,,,,,,,,,,,,,,,,,,,,,
,,,,,,,,,,,,,,,,,,,,,,,,,,24.8981707708333,,,,,,,,,
,,,,,,,,,,,,,,,,,,,,,,,,,,24.8459672500000,,,,,,,,,
,,,,,,,,,,,,,,,,,,,,,,,,,,27.0233223479167,,,,,,,,,
,,,,,,,,,,,,,,,,,,,,,,,,,,23.0088587500000,,,,,,,,,
,,,,,,,,,,,,,,,,,,,,,,,,,,,,,27.7428903583333,,,,,,
,,,,,,,,,,,,,,,,,,,,,,,,,,27.9068788854167,,,,,,,,,
,,,,,,26.9459930458333,,,,,,,,,,,,,,,,,,,,,,,,,,,,,
,,,,,,,19.8682838958333,,,,,,,,,,,,,,,,,,,,,,,,,,,,
,,,,,,,,,,,23.2215748635417,,,,,,,,,,,,,,,,,,,,,,,,
,,,,,,24.1284669375000,,,,,,,,,,,,,,,,,,,,,,,,,,,,,
,,,,,,,,,,,,,24.8756388750000,,,,,,,,,,,,,,,,,,,,,,
,,,,,,,,,,,,18.2286422916667,,,,,,,,,,,,,,,,,,,,,,,
,,,,,,,,,,,,,21.2197363145833,,,,,,,,,,,,,,,,,,,,,,
,,,,,,,,,,,,,,,23.0883074166667,,,,,,,,,,,,,,,,,,,,
,,,,,,,,,,,,,,,,22.5491410833333,,,,,,,,,,,,,,,,,,,
,,,,,,,,,,,,,,,,,,,,,,,,,,,,,,,21.9091958333333,,,,
,,,,,,,,,,,,,,,,,,,,,,,,,,,,,,,18.5139837916667,,,,
,,,,,,,,,,,,,,,,,,,,,,,,24.4842963295833,,,,,,,,,,,
,,,,,,26.9660107916667,,,,,,,,,,,,,,,,,,,,,,,,,,,,,
,,,,,,,,,,,17.5513970270833,,,,,,,,,,,,,,,,,,,,,,,,
,,,,,,,,,,,15.9995152083333,,,,,,,,,,,,,,,,,,,,,,,,
,,,,,,,,23.3688562937500,,,,,,,,,,,,,,,,,,,,,,,,,,,
,,,,,,,,,24.2888087291667,,,,,,,,,,,,,,,,,,,,,,,,,,
,,,,,,,,,,,,,,,,,,,,,,,,,,,,,,,24.6542337500000,,,,
,,,,,,,,,,,,,,,,,,,,,,,,,,,,,,,22.8833825208333,,,,
,,,,,,,,,,,,,,,,,,,,,,,,,,,,,,,22.0711838541667,,,,
,,,,,,,,,,,,,,,,,,,,,,,,,,,,,,,15.3705267291667,,,,
,,,,,,,,,,,,,,,,,,,,,,,,,,25.9147086458333,,,,,,,,,
,,,,,,,,,,,,,22.6276451041667,,,,,,,,,,,,,,,,,,,,,,
,,,,,,,,,,,,,,,,,,,,,,,,,,24.3612195064583,,,,,,,,,
,,,,,,,,,,,,,,,,,,,,,,,,,,27.5649838437500,,,,,,,,,
,,,,,,,,,,,,,,,,,,,,,,,35.7885336666667,,,,,,,,,,,,
,,,,,,,,,,,,,,,,,,,,,,,26.0092954414583,,,,,,,,,,,,
,,,,,,,,,,,,,,,,,,,,,,,,,,,,24.3200974406250,,,,,,,
,,,,,25.8900071745833,,,,,,,,,,,,,,,,,,,,,,,,,,,,,,
,,,,,,,,,,,,,,,,,,,30.8637272083333,,,,,,,,,,,,,,,,
,,,,,,,,,,,,,,,,,,,27.0527558666667,,,,,,,,,,,,,,,,
,,,,,,,,,,,,,,,,,,,25.4777210233333,,,,,,,,,,,,,,,,
,,,,,,,,,,,,,,,,,,,,,,21.0449324418750,,,,,,,,,,,,,
,,,,,,,,,24.1563393833333,,,,,,,,,,,,,,,,,,,,,,,,,,
,,,,,,,,,,,,,,21.9515436854167,,,,,,,,,,,,,,,,,,,,,
,,,,,,,,,,,,,,15.6066985208333,,,,,,,,,,,,,,,,,,,,,
,,,,,,,,,,,,,,,,,,,,,,,25.5359154187500,,,,,,,,,,,,
,,,,,,,,,,,,,,21.9769637895833,,,,,,,,,,,,,,,,,,,,,
,,,,,,,,,,,,,,19.3993621041667,,,,,,,,,,,,,,,,,,,,,
,,,,,,,,,,,,,,20.4554198250000,,,,,,,,,,,,,,,,,,,,,
,,,,,,,,,,,,,,,,,,,,,,,,,,,,,,18.0161900416667,,,,,
,,,,,,,,,,,,,,,,,,,,,13.5647382979167,,,,,,,,,,,,,,
,,,,,,19.5626162104167,,,,,,,,,,,,,,,,,,,,,,,,,,,,,
,,,,,,,,,,,,,,,,,,22.1011473520833,,,,,,,,,,,,,,,,,
